CREATE DATABASE INSTAGRAM_CLONE;


CREATE TABLE User_table (
    id INTEGER  PRIMARY KEY,
    username VARCHAR(255) UNIQUE NOT NULL,
    created_at date,
);

CREATE TABLE photos_table (
    id INTEGER  PRIMARY KEY,
    image_url VARCHAR(255) NOT NULL,
    user_id INTEGER NOT NULL,
    created_at date,
    FOREIGN KEY(user_id) REFERENCES User_table(id),
);


CREATE TABLE commentss(
    ids integer primary key,
    comment_text VARCHAR(255) NOT NULL,
    photo_id INTEGER NOT NULL,
    user_id INTEGER NOT NULL,
    created_at TIMESTAMP ,
    FOREIGN KEY(photo_id) REFERENCES photos_table(id),
    FOREIGN KEY(user_id) REFERENCES user_table(id),
);


INSERT INTO User_table (id , username, created_at) VALUES ('1','Kenton_Kirlin', '2017-02-16 18:22:10.846'), ('2','Andre_Purdy85', '2017-04-02 17:11:21.417'), ('3','Harley_Lind18', '2017-02-21 11:12:32.574'), ('4','Arely_Bogan63', '2016-08-13 01:28:43.085'), ('5','Aniya_Hackett', '2016-12-07 01:04:39.298'), ('6','Travon.Waters', '2017-04-30 13:26:14.496'), ('7','Kasandra_Homenick', '2016-12-12 06:50:07.996'), ('8','Tabitha_Schamberger11', '2016-08-20 02:19:45.512'), ('9','Gus93', '2016-06-24 19:36:30.978'), ('10','Presley_McClure', '2016-08-07 16:25:48.561'), ('11','Justina.Gaylord27', '2017-05-04 16:32:15.577'), ('12','Dereck65', '2017-01-19 01:34:14.296'),
('13','Alexandro35', '2017-03-29 17:09:02.344'), ('14','Jaclyn81', '2017-02-06 23:29:16.394'), ('15','Billy52', '2016-10-05 14:10:20.453'), ('16','Annalise.McKenzie16', '2016-08-02 21:32:45.646'), ('17','Norbert_Carroll35', '2017-02-06 22:05:43.425'), ('18','Odessa2', '2016-10-21 18:16:56.390'), ('19','Hailee26', '2017-04-29 18:53:39.650'), ('20','Delpha.Kihn', '2016-08-31 02:42:30.288'), ('21','Rocio33', '2017-01-23 11:51:15.467'), ('22','Kenneth64', '2016-12-27 09:48:17.380'), ('23','Eveline95', '2017-01-23 23:14:18.569'), ('24','Maxwell.Halvorson', '2017-04-18 02:32:43.597'), ('25','Tierra.Trantow', '2016-10-03 12:49:20.774'), ('26','Josianne.Friesen', '2016-06-07 12:47:00.703'),
('27','Darwin29', '2017-03-18 03:10:07.047'), ('68','Dario77', '2016-08-18 07:15:02.823'), ('28','Jaime53', '2016-09-11 18:51:56.965'), ('29','Kaley9', '2016-09-23 21:24:20.222'), ('30','Aiyana_Hoeger', '2016-09-29 20:28:12.457'), ('31','Irwin.Larson', '2016-08-26 19:36:22.199'), ('32','Yvette.Gottlieb91', '2016-11-14 12:32:01.405'), ('33','Pearl7', '2016-07-08 21:42:00.982'), ('34','Lennie_Hartmann40', '2017-03-30 03:25:21.937'), ('35','Ollie_Ledner37', '2016-08-04 15:42:20.322'), ('36','Yazmin_Mills95', '2016-07-27 00:56:44.310'), ('37','Jordyn.Jacobson2', '2016-05-14 07:56:25.835'), ('38','Kelsi26', '2016-06-08 17:48:08.478'), ('39','Rafael.Hickle2', '2016-05-19 09:51:25.779'),
('40','Mckenna17', '2016-07-17 17:25:44.855'), ('41','Maya.Farrell', '2016-12-11 18:04:45.344'), ('42','Janet.Armstrong', '2016-10-06 07:57:44.491'), ('43','Seth46', '2016-07-07 11:40:26.557'), ('44','David.Osinski47', '2017-02-05 21:23:37.392'), ('45','Malinda_Streich', '2016-07-09 21:37:07.610'), ('46','Harrison.Beatty50', '2016-09-02 03:48:38.340'), ('47','Granville_Kutch', '2016-06-26 03:10:22.202'), ('48','Morgan.Kassulke', '2016-10-30 12:42:31.387'), ('49','Gerard79', '2016-08-23 19:47:44.102'), ('50','Mariano_Koch3', '2017-04-17 14:14:45.662'), ('51','Zack_Kemmer93', '2017-01-01 05:58:22.276'), ('52','Linnea59', '2017-02-07 07:49:33.830'), ('53','Duane60', '2016-12-21 04:43:37.761'),
('54','Meggie_Doyle', '2017-04-04 12:17:33.931'), ('55','Peter.Stehr0', '2016-08-22 18:05:42.167'), ('56','Julien_Schmidt', '2017-02-02 23:12:48.451'), ('57','Aurelie71', '2016-05-31 06:20:56.909'), ('58','Cesar93', '2016-10-18 16:42:43.220'), ('59','Sam52', '2017-03-30 22:03:45.159'), ('60','Jayson65', '2016-10-14 19:10:52.564'), ('61','Ressie_Stanton46', '2016-12-20 15:09:08.721'), ('62','Elenor88', '2016-05-08 01:30:40.677'), ('63','Florence99', '2016-10-06 23:08:30.626'), ('64','Adelle96', '2016-10-01 00:37:57.429'), ('65','Mike.Auer39', '2016-07-01 17:36:14.714'), ('66','Emilio_Bernier52', '2016-05-06 13:04:29.960'), ('67','Franco_Keebler64', '2016-11-13 20:09:26.855')



INSERT INTO User_table (id , username, created_at) VALUES  
 ('69','Erick5', '2017-04-05 23:44:47.060'), ('70','Nia_Hag', '2016-05-14 15:38:50.230'), ('71','Kathryn80', '2016-10-11 09:01:56.764'), ('72','Jaylan.Lakin', '2016-06-10 23:58:52.210'), ('73','Hulda.Macejkovic', '2017-01-25 17:17:27.717'), ('74','Leslie67', '2016-09-21 05:14:01.207'), ('75','Janelle.Nikolaus81','2016-09-21 05:14:01.207') , ('76','Nia_Haag','2016-07-21 09:26:09.466'), ('77','Donald.Fritsch', '2017-01-07 10:05:41.165'), ('78','Colten.Harris76', '2016-10-10 02:38:52.941'), ('79','Katarina.Dibbert', '2016-11-03 13:14:10.647'), ('80',
'Darby_Herzog', '2016-05-06 00:14:21.191'), ('81','Esther.Zulauf61', '2017-01-14 17:02:33.511'), ('82','Aracely.Johnston98', '2016-07-25 18:49:09.996'), ('83','Bartholome.Bernhard', '2016-11-06 02:31:23.463'),
('84','Alysa22', '2017-01-01 17:44:42.980'), ('85','Milford_Gleichner42', '2017-04-30 07:50:51.280'), ('86','Delfina_VonRueden68', '2017-03-21 12:02:14.358'), ('87','Rick29', '2017-02-24 11:25:08.160'), ('88','Clint27', '2016-06-02 21:40:09.555'),
('89','Jessyca_West', '2016-09-14 23:47:04.780'), ('90','Esmeralda.Mraz57', '2017-03-03 11:52:27.469'), ('91','Bethany20', '2016-06-03 23:31:53.322'), ('92','Frederik_Rice', '2016-07-06 21:56:28.654'), ('93','Willie_Leuschke', '2017-02-15 01:40:53.310'), ('94','Damon35', '2016-10-31 14:44:27.239'), ('95','Nicole71', '2016-05-09 17:30:22.371'), ('96','Keenan.Schamberger60', '2016-08-28 14:57:28.221'), ('97','Tomas.Beatty93', '2017-02-11 11:38:55.026'), ('98','Imani_Nicolas17', '2017-01-31 22:59:34.108'),
('99','Alek_Watsica', '2016-12-10 07:43:58.083'), ('100','Javonte83', '2017-03-27 22:06:37.433');

INSERT INTO photos_table ( id , image_url, user_id) VALUES (1,'http://elijah.biz', 1), (2,'https://shanon.org', 1), (3,'http://vicky.biz', 1), (4,'http://oleta.net', 1), ( 5,'https://jennings.biz', 1), (6,'https://quinn.biz', 2), (7,'https://selina.name', 2), (8,'http://malvina.org', 2), (10,'https://branson.biz', 2), (11,'https://elenor.name', 3), (12,'https://marcelino.com', 3), (13,'http://felicity.name', 3), (14,'https://fred.com', 3), (15,'https://gerhard.biz', 4), (16,'https://sherwood.net', 4), (17,'https://maudie.org', 4), (18,'http://annamae.name', 6), (19,'https://mac.org', 6), (20,'http://miracle.info', 6), (21,'http://emmet.com', 6), (22,'https://lisa.com', 6), (23,'https://brooklyn.name', 8), (24,'http://madison.net', 8), (25,'http://annie.name', 8), (26,'http://darron.info', 8), (27,'http://saige.com', 9), (28,'https://reece.net', 9), (29,'http://vance.org', 9), (30,'http://ignacio.net', 9), (31,'http://kenny.com', 10), (32,'http://remington.name', 10), (33,'http://kurtis.info', 10), (149,'https://alisha.com', 11), (34,'https://henderson.com', 11), (35,'http://bonnie.info', 11), (36,'http://kennith.net', 11),
(37,'http://camille.name', 11), (38,'http://alena.net', 12), (39,'http://ralph.name', 12), (40,'https://tyshawn.com', 12), (41,'https://adella.net', 12), (42,'https://cielo.info', 13), (43,'https://easter.net', 13), (45,'http://golden.org', 13), (46,'http://kendall.biz', 13), (47,'https://glenda.info', 13), (48,'http://dominic.biz', 15), (49,'http://tressie.info', 15), (50,'http://estevan.org', 15), (51,'http://zena.com', 15), (52,'https://abagail.com', 16), (53,'https://hershel.com', 16), (54,'http://collin.com', 16), (56,'https://clair.com', 16), (57,'https://deondre.com', 17), (58,'http://tristin.name', 17), (59,'http://kirk.org', 17), (60,'https://modesta.info', 18), (61,'http://rylan.biz', 19), (62,'https://noemie.com', 19), (63,'https://dejon.name', 20), (64,'https://rigoberto.net', 22), (65,'http://megane.biz', 23), (66,'http://emmalee.org', 23), (67,'http://nathan.net', 23), (68,'http://lionel.net', 23), (69,'http://danyka.net', 23), (70,'https://woodrow.com', 23), (71,'http://harvey.info', 23), (72,'http://aiden.org', 23), (73,'https://tito.name', 23), (74,'https://julian.net', 23), (75,'https://mafalda.org', 23),
(76,'http://verner.org', 23), (77,'https://elmore.org', 26), (78,'http://kasandra.com', 26), (79,'https://jarret.info', 26), (80,'http://einar.net', 26), (81,'http://terry.info', 26), (82,'https://holden.com', 27), (83,'https://jacinto.org', 28), (84,'https://geoffrey.info', 28), (150,'http://paxton.com', 28), (85,'https://trinity.biz', 28), (86,'http://fabiola.org', 29), (87,'https://bryce.org', 29), (88,'http://emery.net', 29), (89,'https://marian.biz', 29), (90,'https://kennedi.org', 29), (91, 'https://fanny.net', 29), (92,'http://lottie.net', 29), (93,'http://lacy.biz', 29), (94,'https://jensen.name', 30), (95,'http://virginia.org', 30), (96,'https://ariel.net', 31), (97,'http://roger.info', 32), (98,'https://carolanne.com', 32), (99,'https://margarita.info', 32), (100,'https://kayden.biz', 32), (101,'https://brook.com', 33), (102,'https://gust.net', 33), (103,'http://bridie.name', 33), (104,'http://barton.name', 33), (105,'https://karina.biz', 33), (106,'https://mariam.com', 35), (107,'https://trycia.com', 35), (108,'https://everette.biz', 37), (109,'http://boris.biz', 38), (110,'http://arthur.name', 38), (111,'https://cesar.com', 39), 
(112,'http://charlie.com', 40), (113,'https://lina.biz', 42), (114,'https://darwin.net', 42), (115,'https://aliyah.biz', 42), (116,'http://euna.info', 43), (117,'https://maymie.net', 43), (118,'http://joanie.name', 43), (119,'http://whitney.net', 43), (120,'http://garrison.name', 43), (121,'https://olga.org', 44), (122,'https://donavon.org', 44), (123,'http://moses.biz', 44), (124,'http://shannon.org', 44), (125,'http://kendrick.net', 46), (126,'https://carey.com', 46), (127,'http://lia.biz', 46),
(128,'https://celestine.name', 46), (129,'http://laila.info', 47), (130,'http://buddy.com', 47), (131,'http://americo.biz', 47), (132,'http://lurline.info', 47), (133,'http://kailee.org', 47), (134,'https://edyth.com', 48), (135,'https://isaias.biz', 50), (136,'http://rosetta.net', 50), (137,'https://marianna.info', 50), (138,'https://roel.org', 51), (139,'http://julia.info', 51), (140,'https://seamus.org', 51), (141,'https://earline.info', 51), (142,'http://quinten.info', 51), (143,'https://dolores.org', 52), (144,'https://aimee.info', 52), (145,'https://roderick.name', 52), 
(146,'https://jarret.name', 52), (147,'https://cathrine.com', 52), (148,'https://adela.com', 55)


---(6,'tae quia aliquam', 21, 1), (7,'ercitationem occaecati neque', 24, 1), (8,'nt ad fugiat', 31, 1), (9,'sciunt aut nesciunt', 36, 1), (10,'dantium ut nostrum', 41, 1),
----(11,'is aut asperiores', 52, 1), (12,'eum molestias', 54, 1), (13,'as pariatur neque', 55, 1),

INSERT INTO commentss(ids,comment_text, user_id, photo_id) VALUES  
(6,'tae quia aliquam', 21, 1), (7,'ercitationem occaecati neque', 24, 1), (8,'nt ad fugiat', 31, 1), (9,'sciunt aut nesciunt', 36, 1), (10,'dantium ut nostrum', 41, 1),
(11,'is aut asperiores', 52, 1), (12,'eum molestias', 54, 1), (13,'as pariatur neque', 55, 1),
(14,'t iure adipisci', 57, 1), (15,' enim repellat', 62, 1), (16,'vident dolorem non', 63, 1),(17,' consequuntur impedit', 66, 1),
(18,'tas nemo blanditiis', 67,1),(19,'fugit dolores', 25,1),(20,'aecati tenetur exercitationem',12,1),(14,'t iure adipisci', 57, 1);

INSERT INTO commentss(ids,comment_text, user_id, photo_id) VALUES  
(21,'si deserunt voluptates', 46, 1), (22,'rehenderit sunt cumque', 18, 1), (23,' impedit ut', 57, 1),
(24,'uptatum sit id', 11, 1), (25,'etur voluptas aspernatur', 38, 1), (26,'veritatis quia', 3, 2), (27,'s facilis ea', 5, 2), (28,' est sit', 14, 2), (29,'uptatem doloremque accusamus', 15, 2), (30,'sectetur inventore quis', 18, 2),
(31,'t dolorem reprehenderit', 19, 2), (32,'is omnis nulla', 21, 2), (33,'m in facilis', 24, 2), (34,' mus consequuntur occaecati', 28, 2), (35,'ptas dicta aut', 30, 2), (36,'icabo qui ipsum', 31, 2), (37,'pariatur dolor', 35, 2), (38,'one debitis laborum', 36, 2), (39,'ptate id dignissimos', 41, 2),
(40,'ore quod possimus', 42, 2);

INSERT INTO commentss(ids,comment_text, user_id, photo_id) VALUES  
(54,'n eaque', 27, 2), (55,'am nostrum dicta', 41, 2), (56,'aepe sit', 55, 2), (57,'essitatibus ipsam et', 5, 3), (58,' reiciendis nam', 14, 3),(59,'i magnam quia', 15, 3), (60,'cto tempora natus', 21, 3),
(61,'estiae iure ullam', 24, 3), (62,'pisci aut dicta', 27, 3), (63,'a dolores voluptatem', 35, 3), (64,'idunt suscipit et', 36, 3), (65,'um vel ut', 37, 3), (66,'riam delectus odio', 38, 3), (67,'ta inventore ea', 41, 3), (68,'s est quia', 43, 3), (69,'ima est odio', 44, 3), (70,'ro odit aut', 50, 3),
(71,'a et quod', 54, 3), (72,'is pariatur qui', 57, 3), (73,'trum fugiat et', 62, 3), (74,'to et eius', 63, 3), (75,'placeat ipsam', 66, 3), (76,'ceat repudiandae sit', 67, 3), (77,'us sit harum', 40, 3), (78,'sectetur qui at', 61, 3), (79,'endis reiciendis ad', 65, 3), (80,'res accusantium sint', 56, 3),
(81,'adipisci alias', 39, 3), (82,'re dicta est', 55, 3), (83,'poribus qui error', 37, 3), (84,' rem officia', 5, 4), (85,'um ea harum', 6, 4), (86,'oriosam eos a', 8, 4), (87,'oriosam aut occaecati', 11, 4), (88,'as sapiente dolore', 14, 4), (89,' voluptatem distinctio', 15, 4), (90,'or voluptatum eius', 18, 4),
(91,'ni magni aspernatur', 20, 4);

INSERT INTO commentss(ids,comment_text, user_id, photo_id) VALUES  
(92,'riosam quidem numquam', 21, 4), (93,'ossimus distinctio', 22, 4), (94,'stiae veritatis aut', 24, 4), (95,'e iusto labore', 26, 4), (96,'ssumenda excepturi', 33, 4), (97,'i ea distinctio', 36, 4), (98,'e sint veritatis', 41, 4), (99,'dita exercitationem officiis', 42, 4), (100,'ditate qui facere', 47, 4),
(101,'ut quisquam', 50, 4), (102,'ident et vel', 54, 4), (103,'lique autem quia', 57, 4), (104,'rum exercitationem tempora', 66, 4), (105,'unt aut perspiciatis', 67, 4), (106,'ati assumenda voluptas', 21, 4), (107,'psam ut', 15, 4), (108,'tem assumenda', 26, 4), (109,'facilis non', 09, 4), (110,'piciatis et sit', 05, 4),
(111,'ptatem possimus ea', 21, 4), (112,'tiae perferendis quaerat', 65, 4), (113,'r consectetur dolor', 57, 4), (114,'stiae quia pariatur', 48, 4), (115,' omnis ab', 10, 4), (242,'que sit totam', 5, 5), (116,'uid at eum', 14, 5), (117,'t ipsam', 17, 5), (118,' quidem dolor', 21, 5), (119,'es voluptates sit', 22, 5), (120,'tiae hic est', 24, 5),
(121,'mus quia adipisci', 26, 5), (122,'um modi minima', 28, 5), (123,'am sint aut', 36, 5), (124,' tempora at', 41, 5),(243,'ratione', 42, 5), (125,'quatur magnam ut', 44, 5), (126,'ciatis dolorum ad', 48, 5), (127,'excepturi neque', 54, 5), (128,'icabo nulla sed', 57, 5), (129,'l voluptas eligendi', 60, 5), (130,'o doloribus corporis', 66, 5),
(131,'ro ut eveniet', 31, 5), (132,' ut et', 32, 5), (133,'cumque aliquam', 35, 5), (134,'m amet assumenda', 56, 5), (135,'s nihil eligendi', 19, 5), (136,'ciis nulla beatae', 64, 5), (137,'e qui voluptates', 61, 5), (138,'on ipsam', 44, 5), (139,'um nam et', 45, 5), (140,' repellendus voluptas', 47, 5), 
(141,' ut unde', 5, 6), (142,'m rem dignissimos', 6, 6);

Select * from commentss;
select * from photos_table;
select * from User_table ;


CREATE TABLE likes (
    user_id INTEGER NOT NULL,
    photo_id INTEGER NOT NULL,
    FOREIGN KEY(user_id) REFERENCES user_table(id),
    FOREIGN KEY(photo_id) REFERENCES photos_table(id),
    PRIMARY KEY(user_id, photo_id)
);

CREATE TABLE follows (
    follower_id INTEGER NOT NULL,
    followee_id INTEGER NOT NULL,
    FOREIGN KEY(follower_id) REFERENCES user_table(id),
    FOREIGN KEY(followee_id) REFERENCES user_table(id),
    PRIMARY KEY(follower_id, followee_id)
);

CREATE TABLE tags (
  id INTEGER  PRIMARY KEY,
  tag_name VARCHAR(255) UNIQUE,

);




INSERT INTO follows(follower_id, followee_id) VALUES (2, 1), (2, 3), (2, 4), (2, 5), (2, 6), (2, 7), (2, 8), (2, 9), (2, 10), (2, 11), (2, 12), (2, 13), (2, 14), (2, 15), (2, 16), (2, 17),
(2, 18), (2, 19), (2, 20), (2, 21), (2, 22), (2, 23), (2, 24), (2, 25), (2, 26), (2, 27), (2, 28), (2, 29), (2, 30), (2, 31), (2, 32), (2, 33), (2, 34), (2, 35), (2, 36), (2, 37), (2, 38),
(2, 39), (2, 40), (2, 41), (2, 42), (2, 43), (2, 44), (2, 45), (2, 46), (2, 47), (2, 48), (2, 49), (2, 50), (2, 51), (2, 52), (2, 53), (2, 54), (2, 55), (2, 56), (2, 57), (2, 58), (2, 59),
(2, 60), (2, 61), (2, 62), (2, 63), (2, 64), (2, 65), (2, 66), (2, 67), (2, 69), (2, 69), (2, 70), (2, 71), (2, 72), (2, 73), (2, 74), (2, 75), (2, 76), (2, 77), (2, 78), (2, 79), (2, 80),
(2, 81), (2, 82), (2, 83), (2, 84), (2, 85), (2, 86), (2, 87), (2, 88), (2, 89), (2, 90), (2, 91), (2, 92), (2, 93), (2, 94), (2, 95), (2, 96), (2, 97), (2, 98), (2, 99), (2, 100), (3, 1),
(3, 2), (3, 4), (3, 5), (3, 6), (3, 7), (3, 8), (3, 9), (3, 10), (3, 11), (3, 12), (3, 13), (3, 14), (3, 15), (3, 16), (3, 17), (3, 18), (3, 19), (3, 20), (3, 21), (3, 22), (3, 23), (3, 24),
(3, 25), (3, 26), (3, 27), (3, 28), (3, 29), (3, 30), (3, 31), (3, 32), (3, 33), (3, 34), (3, 35), (3, 36), (3, 37), (3, 38), (3, 39), (3, 40), (3, 41), (3, 42), (3, 43), (3, 44), (3, 45),
(3, 46), (3, 47), (3, 48), (3, 49), (3, 50), (3, 51), (3, 52), (3, 53), (3, 54), (3, 55), (3, 56), (3, 57), (3, 58), (3, 59), (3, 60), (3, 61), (3, 62), (3, 63), (3, 64), (3, 65), (3, 66),
(3, 67), (3, 68), (3, 69), (3, 70), (3, 71), (3, 72), (3, 73), (3, 74), (3, 75), (3, 76), (3, 77), (3, 78), (3, 79), (3, 80), (3, 81), (3, 82), (3, 83), (3, 84), (3, 85), (3, 86), (3, 87)
, (3, 88), (3, 89), (3, 90), (3, 91), (3, 92), (3, 93), (3, 94), (3, 95), (3, 96), (3, 97), (3, 98), (3, 99), (3, 100), (4, 1), (4, 2), (4, 3), (4, 5), (4, 6), (4, 7), (4, 8), (4, 9), (4, 10),
(4, 11), (4, 12), (4, 13), (4, 14), (4, 15), (4, 16), (4, 17), (4, 18), (4, 19), (4, 20), (4, 21), (4, 22), (4, 23), (4, 24), (4, 25), (4, 26), (4, 27), (4, 28), (4, 29), (4, 30), (4, 31), (4, 32),
(4, 33), (4, 34), (4, 35), (4, 36), (4, 37), (4, 38), (4, 39), (4, 40), (4, 41), (4, 42), (4, 43), (4, 44), (4, 45), (4, 46), (4, 47), (4, 48), (4, 49), (4, 50), (4, 51), (4, 52), (4, 53), (4, 54),
(4, 55), (4, 56), (4, 57), (4, 58), (4, 59), (4, 60), (4, 61), (4, 62), (4, 63), (4, 64), (4, 65), (4, 66), (4, 67), (4, 68), (4, 69), (4, 70), (4, 71), (4, 72), (4, 73), (4, 74), (4, 75), (4, 76),
(4, 77), (4, 78), (4, 79), (4, 80), (4, 81), (4, 82), (4, 83), (4, 84), (4, 85), (4, 86), (4, 87), (4, 88), (4, 89), (4, 90), (4, 91), (4, 92), (4, 93), (4, 94), (4, 95), (4, 96), (4, 97), (4, 98),
(4, 99), (4, 100), (5, 1), (5, 2), (5, 3), (5, 4), (5, 6), (5, 7), (5, 8), (5, 9), (5, 10), (5, 11), (5, 12), (5, 13), (5, 14), (5, 15), (5, 16), (5, 17), (5, 18), (5, 19), (5, 20), (5, 21), (5, 22),
(5, 23), (5, 24), (5, 25), (5, 26), (5, 27), (5, 28), (5, 29), (5, 30), (5, 31), (5, 32), (5, 33), (5, 34), (5, 35), (5, 36), (5, 37), (5, 38), (5, 39), (5, 40), (5, 41), (5, 42), (5, 43), (5, 44), (5, 45), (5, 46),
(5, 47), (5, 48), (5, 49), (5, 50), (5, 51), (5, 52), (5, 53), (5, 54), (5, 55), (5, 56), (5, 57), (5, 58), (5, 59), (5, 60), (5, 61), (5, 62), (5, 63), (5, 64), (5, 65), (5, 66), (5, 67), (5, 68), (5, 69), (5, 70),
(5, 71), (5, 72), (5, 73), (5, 74), (5, 75), (5, 76), (5, 77), (5, 78), (5, 79), (5, 80), (5, 81), (5, 82), (5, 83), (5, 84), (5, 85), (5, 86), (5, 87), (5, 88), (5, 89), (5, 90), (5, 91), (5, 92), (5, 93), (5, 94),
(5, 95), (5, 96), (5, 97), (5, 98), (5, 99), (5, 100), (6, 1), (6, 2), (6, 3), (6, 4), (6, 5), (6, 7), (6, 8), (6, 9), (6, 10), (6, 11), (6, 12), (6, 13), (6, 14), (6, 15), (6, 16), (6, 17), (6, 18), (6, 19), (6, 20),
(6, 21), (6, 22), (6, 23), (6, 24), (6, 25), (6, 26), (6, 27), (6, 28), (6, 29), (6, 30), (6, 31), (6, 32), (6, 33), (6, 34), (6, 35), (6, 36), (6, 37), (6, 38), (6, 39), (6, 40), (6, 41), (6, 42), (6, 43), (6, 44),
(6, 45), (6, 46), (6, 47), (6, 48), (6, 49), (6, 50), (6, 51), (6, 52), (6, 53), (6, 54), (6, 55), (6, 56), (6, 57), (6, 58), (6, 59), (6, 60), (6, 61), (6, 62), (6, 63), (6, 64), (6, 65), (6, 66), (6, 67), (6, 68), (6, 69),
(6, 70), (6, 71), (6, 72), (6, 73), (6, 74), (6, 75), (6, 76), (6, 77), (6, 78), (6, 79), (6, 80), (6, 81), (6, 82), (6, 83), (6, 84), (6, 85), (6, 86), (6, 87), (6, 88), (6, 89), (6, 90), (6, 91), (6, 92), (6, 93), (6, 94),
(6, 95), (6, 96), (6, 97), (6, 98), (6, 99), (6, 100), (8, 1), (8, 2), (8, 3), (8, 4), (8, 5), (8, 6), (8, 7), (8, 9), (8, 10), (8, 11), (8, 12), (8, 13), (8, 14), (8, 15), (8, 16), (8, 17), (8, 18), (8, 19), (8, 20), (8, 21),
(8, 22), (8, 23), (8, 24), (8, 25), (8, 26), (8, 27), (8, 28), (8, 29), (8, 30), (8, 31), (8, 32), (8, 33), (8, 34), (8, 35), (8, 36), (8, 37), (8, 38), (8, 39), (8, 40), (8, 41), (8, 42), (8, 43), (8, 44), (8, 45), (8, 46), (8, 47),
(8, 48), (8, 49), (8, 50), (8, 51), (8, 52), (8, 53), (8, 54), (8, 55), (8, 56), (8, 57), (8, 58), (8, 59), (8, 60), (8, 61), (8, 62), (8, 63), (8, 64), (8, 65), (8, 66), (8, 67), (8, 68), (8, 69), (8, 70), (8, 71), (8, 72), (8, 73),
(8, 74), (8, 75), (8, 76), (8, 77), (8, 78), (8, 79), (8, 80), (8, 81), (8, 82), (8, 83), (8, 84), (8, 85), (8, 86), (8, 87), (8, 88), (8, 89), (8, 90), (8, 91), (8, 92), (8, 93), (8, 94), (8, 95), (8, 96), (8, 97), (8, 98), (8, 99), (8, 100),
(9, 1), (9, 2), (9, 3), (9, 4), (9, 5), (9, 6), (9, 7), (9, 8), (9, 10), (9, 11), (9, 12), (9, 13), (9, 14), (9, 15), (9, 16), (9, 17), (9, 18), (9, 19), (9, 20), (9, 21), (9, 22), (9, 23), (9, 24), (9, 25), (9, 26), (9, 27), (9, 28), (9, 29), (9, 30),
(9, 31), (9, 32), (9, 33), (9, 34), (9, 35), (9, 36), (9, 37), (9, 38), (9, 39), (9, 40), (9, 41), (9, 42), (9, 43), (9, 44), (9, 45), (9, 46), (9, 47), (9, 48), (9, 49), (9, 50), (9, 51), (9, 52), (9, 53), (9, 54), (9, 55), (9, 56), (9, 57), (9, 58), (9, 59),
(9, 60), (9, 61), (9, 62), (9, 63), (9, 64), (9, 65), (9, 66), (9, 67), (9, 68), (9, 69), (9, 70), (9, 71), (9, 72), (9, 73), (9, 74), (9, 75), (9, 76), (9, 77), (9, 78), (9, 79), (9, 80), (9, 81), (9, 82), (9, 83), (9, 84), (9, 85), (9, 86), (9, 87), (9, 88), (9, 89),
(9, 90), (9, 91), (9, 92), (9, 93), (9, 94), (9, 95), (9, 96), (9, 97), (9, 98), (9, 99), (9, 100), (10, 1), (10, 2), (10, 3), (10, 4), (10, 5), (10, 6), (10, 7), (10, 8), (10, 9), (10, 11), (10, 12), (10, 13), (10, 14), (10, 15), (10, 16), (10, 17), (10, 18), (10, 19),
(10, 20), (10, 21), (10, 22), (10, 23), (10, 24), (10, 25), (10, 26), (10, 27), (10, 28), (10, 29), (10, 30), (10, 31), (10, 32), (10, 33), (10, 34), (10, 35), (10, 36), (10, 37), (10, 38), (10, 39), (10, 40), (10, 41), (10, 42), (10, 43), (10, 44), (10, 45), (10, 46),
(10, 47), (10, 48), (10, 49), (10, 50), (10, 51), (10, 52), (10, 53), (10, 54), (10, 55), (10, 56), (10, 57), (10, 58), (10, 59), (10, 60), (10, 61), (10, 62), (10, 63), (10, 64), (10, 65), (10, 66), (10, 67), (10, 68), (10, 69), (10, 70), (10, 71), (10, 72), (10, 73),
(10, 74), (10, 75), (10, 76), (10, 77), (10, 78), (10, 79), (10, 80), (10, 81), (10, 82), (10, 83), (10, 84), (10, 85), (10, 86), (10, 87), (10, 88), (10, 89), (10, 90), (10, 91), (10, 92), (10, 93), (10, 94), (10, 95), (10, 96), (10, 97), (10, 98), (10, 99), (10, 100),
(11, 1), (11, 2), (11, 3), (11, 4), (11, 5), (11, 6), (11, 7), (11, 8), (11, 9), (11, 10), (11, 12), (11, 13), (11, 14), (11, 15), (11, 16), (11, 17), (11, 18), (11, 19), (11, 20), (11, 21), (11, 22), (11, 23), (11, 24), (11, 25), (11, 26), (11, 27), (11, 28), (11, 29),
(11, 30), (11, 31), (11, 32), (11, 33), (11, 34), (11, 35), (11, 36), (11, 37), (11, 38), (11, 39), (11, 40), (11, 41), (11, 42), (11, 43), (11, 44), (11, 45), (11, 46), (11, 47), (11, 48), (11, 49), (11, 50), (11, 51), (11, 52), (11, 53), (11, 54), (11, 55), (11, 56),
(11, 57), (11, 58), (11, 59), (11, 60), (11, 61), (11, 62), (11, 63), (11, 64), (11, 65), (11, 66), (11, 67), (11, 68), (11, 69), (11, 70), (11, 71), (11, 72), (11, 73), (11, 74), (11, 75), (11, 76), (11, 77), (11, 78), (11, 79), (11, 80), (11, 81), (11, 82), (11, 83);




INSERT INTO follows(follower_id, followee_id) VALUES
(11, 84), (11, 85), (11, 86), (11, 87), (11, 88), (11, 89), (11, 90), (11, 91), (11, 92), (11, 93), (11, 94), (11, 95), (11, 96), (11, 97), (11, 98), (11, 99), (11, 100), (12, 1), (12, 2), (12, 3), (12, 4), (12, 5), (12, 6), (12, 7), (12, 8), (12, 9), (12, 10), (12, 11),
(12, 13), (12, 14), (12, 15), (12, 16), (12, 17), (12, 18), (12, 19), (12, 20), (12, 21), (12, 22), (12, 23), (12, 24), (12, 25), (12, 26), (12, 27), (12, 28), (12, 29), (12, 30), (12, 31), (12, 32), (12, 33), (12, 34), (12, 35), (12, 36), (12, 37), (12, 38), (12, 39),
(12, 40), (12, 41), (12, 42), (12, 43), (12, 44), (12, 45), (12, 46), (12, 47), (12, 48), (12, 49), (12, 50), (12, 51), (12, 52), (12, 53), (12, 54), (12, 55), (12, 56), (12, 57), (12, 58), (12, 59), (12, 60), (12, 61), (12, 62), (12, 63), (12, 64), (12, 65), (12, 66),
(12, 67), (12, 68), (12, 69), (12, 70), (12, 71), (12, 72), (12, 73), (12, 74), (12, 75), (12, 76), (12, 77), (12, 78), (12, 79), (12, 80), (12, 81), (12, 82), (12, 83), (12, 84), (12, 85), (12, 86), (12, 87), (12, 88), (12, 89), (12, 90), (12, 91), (12, 92), (12, 93),
(12, 94), (12, 95), (12, 96), (12, 97), (12, 98), (12, 99), (12, 100), (13, 1), (13, 2), (13, 3), (13, 4), (13, 5), (13, 6), (13, 7), (13, 8), (13, 9), (13, 10), (13, 11), (13, 12), (13, 14), (13, 15), (13, 16), (13, 17), (13, 18), (13, 19), (13, 20), (13, 21), (13, 22),
(13, 23), (13, 24), (13, 25), (13, 26), (13, 27), (13, 28), (13, 29), (13, 30), (13, 31), (13, 32), (13, 33), (13, 34), (13, 35), (13, 36), (13, 37), (13, 38), (13, 39), (13, 40), (13, 41), (13, 42), (13, 43), (13, 44), (13, 45), (13, 46), (13, 47), (13, 48), (13, 49),
(13, 50), (13, 51), (13, 52), (13, 53), (13, 54), (13, 55), (13, 56), (13, 57), (13, 58), (13, 59), (13, 60), (13, 61), (13, 62), (13, 63), (13, 64), (13, 65), (13, 66), (13, 67), (13, 68), (13, 69), (13, 70), (13, 71), (13, 72), (13, 73), (13, 74), (13, 75), (13, 76), (13, 77),
(13, 78), (13, 79), (13, 80), (13, 81), (13, 82), (13, 83), (13, 84), (13, 85), (13, 86), (13, 87), (13, 88), (13, 89), (13, 90), (13, 91), (13, 92), (13, 93), (13, 94), (13, 95), (13, 96), (13, 97), (13, 98), (13, 99), (13, 100), (14, 1), (14, 2), (14, 3), (14, 4), (14, 5), (14, 6),
(14, 7), (14, 8), (14, 9), (14, 10), (14, 11), (14, 12), (14, 13), (14, 15), (14, 16), (14, 17), (14, 18), (14, 19), (14, 20), (14, 21), (14, 22), (14, 23), (14, 24), (14, 25), (14, 26), (14, 27), (14, 28), (14, 29), (14, 30), (14, 31), (14, 32), (14, 33), (14, 34), (14, 35), (14, 36),
(14, 37), (14, 38), (14, 39), (14, 40), (14, 41), (14, 42), (14, 43), (14, 44), (14, 45), (14, 46), (14, 47), (14, 48), (14, 49), (14, 50), (14, 51), (14, 52), (14, 53), (14, 54), (14, 55), (14, 56), (14, 57), (14, 58), (14, 59), (14, 60), (14, 61), (14, 62), (14, 63), (14, 64), (14, 65),
(14, 66), (14, 67), (14, 68), (14, 69), (14, 70), (14, 71), (14, 72), (14, 73), (14, 74), (14, 75), (14, 76), (14, 77), (14, 78), (14, 79), (14, 80), (14, 81), (14, 82), (14, 83), (14, 84), (14, 85), (14, 86), (14, 87), (14, 88), (14, 89), (14, 90), (14, 91), (14, 92), (14, 93), (14, 94),
(14, 95), (14, 96), (14, 97), (14, 98), (14, 99), (14, 100), (15, 1), (15, 2), (15, 3), (15, 4), (15, 5), (15, 6), (15, 7), (15, 8), (15, 9), (15, 10), (15, 11), (15, 12), (15, 13), (15, 14), (15, 16), (15, 17), (15, 18), (15, 19), (15, 20), (15, 21), (15, 22), (15, 23), (15, 24), (15, 25),
(15, 26), (15, 27), (15, 28), (15, 29), (15, 30), (15, 31), (15, 32), (15, 33), (15, 34), (15, 35), (15, 36), (15, 37), (15, 38), (15, 39), (15, 40), (15, 41), (15, 42), (15, 43), (15, 44), (15, 45), (15, 46), (15, 47), (15, 48), (15, 49), (15, 50), (15, 51), (15, 52), (15, 53), (15, 54), (15, 55),
(15, 56), (15, 57), (15, 58), (15, 59), (15, 60), (15, 61), (15, 62), (15, 63), (15, 64), (15, 65), (15, 66), (15, 67), (15, 68), (15, 69), (15, 70), (15, 71), (15, 72), (15, 73), (15, 74), (15, 75), (15, 76), (15, 77), (15, 78), (15, 79), (15, 80), (15, 81), (15, 82), (15, 83), (15, 84), (15, 85),
(15, 86), (15, 87), (15, 88), (15, 89), (15, 90), (15, 91), (15, 92), (15, 93), (15, 94), (15, 95), (15, 96), (15, 97), (15, 98), (15, 99), (15, 100), (16, 1), (16, 2), (16, 3), (16, 4), (16, 5), (16, 6), (16, 7), (16, 8), (16, 9), (16, 10), (16, 11), (16, 12), (16, 13), (16, 14), (16, 15), (16, 17);


CREATE TABLE likes (
    user_id INTEGER NOT NULL,
    photo_id INTEGER NOT NULL,
    FOREIGN KEY(user_id) REFERENCES user_table(id),
    FOREIGN KEY(photo_id) REFERENCES photos_table(id),
    PRIMARY KEY(user_id, photo_id)
);

--100   148  
INSERT INTO likes(user_id,photo_id) VALUES (2, 1), (5, 1), (9, 1), (10, 1), (11, 1), (14, 1), (19, 1), (21, 1), (24, 1), (35, 1), (36, 1), (41, 1), (46, 1), (47, 1), (54, 1), (55, 1), (57, 1), (66, 1), (69, 1), (71, 1), (75, 1), (76, 1), (78, 1), (82, 1), (91, 1), (3, 2), (5, 2), (6, 2), (8, 2), (14, 2), 
(17, 2), (19, 2), (21, 2), (24, 2), (26, 2), (27, 2), (30, 2), (31, 2), (33, 2), (36, 2), (38, 2), (40, 2), (41, 2), (44, 2), (52, 2), (54, 2), (56, 2), (57, 2), (62, 2), (63, 2), (66, 2), (71, 2), (75, 2), (76, 2), (82, 2), (87, 2), (91, 2), (92, 2), (94, 2), (95, 2), (96, 2), (4, 3), (5, 3), (12, 3), (14, 3),
(15, 3), (20, 3), (21, 3), (24, 3), (27, 3), (28, 3), (33, 3), (36, 3), (37, 3), (41, 3), (42, 3), (43, 3), (44, 3), (46, 3), (50, 3), (52, 3), (54, 3), (57, 3), (60, 3), (61, 3), (65, 3), (66, 3), (69, 3), (70, 3), (71, 3), (75, 3), (76, 3), (82, 3), (87, 3), (91, 3), (93, 3), (95, 3), (99, 3), (10, 3), (2, 4), 
(4, 4), (5, 4), (10, 4), (11, 4), (12, 4), (13, 4), (14, 4), (15, 4), (17, 4), (20, 4), (21, 4), (24, 4), (28, 4), (31, 4), (36, 4), (41, 4), (43, 4), (46, 4), (52, 4), (54, 4), (56, 4), (57, 4), (62, 4), (66, 4), (70, 4), (71, 4), (72, 4), (75, 4), (76, 4), (78, 4), (84, 4), (85, 4), (87, 4), (91, 4), (92, 4), (96, 4), 
(99, 4), (4, 5), (5, 5), (6, 5), (11, 5), (14, 5), (17, 5), (21, 5), (24, 5), (26, 5), (28, 5), (32, 5);

INSERT INTO likes(user_id,photo_id) VALUES
(33, 5), (36, 5), (37, 5), (41, 5), (42, 5), (43, 5), (44, 5), (47, 5), (54, 5), (55, 5), (57, 5), (66, 5), (71, 5), (75, 5), (76, 5), (78, 5), (82, 5), (91, 5), (92, 5), (99, 5), (4, 6), (5, 6), (14, 6), (16, 6), (19, 6),
(21, 6), (24, 6), (27, 6), (30, 6), (31, 6), (32, 6), (36, 6), (38, 6), (41, 6), (43, 6), (46, 6), (54, 6), (57, 6), (61, 6), (62, 6), (66, 6), (69, 6), (71, 6), (75, 6), (76, 6), (85, 6), (87, 6), (91, 6), (93, 6), (94, 6), (10, 6), (3, 7), (4, 7), (5, 7), (9, 7), (12, 7), (14, 7), (16, 7), (19, 7), (21, 7), (24, 7), (26, 7),
(27, 7), (31, 7), (35, 7), (36, 7), (37, 7), (39, 7), (41, 7), (43, 7), (44, 7), (50, 7), (54, 7), (55, 7), (57, 7), (63, 7), (66, 7), (71, 7), (72, 7), (73, 7), (75, 7), (76, 7), (84, 7), (87, 7), (91, 7), (92, 7), (93, 7), (98, 7), (99, 7), 
(2, 8), (5, 8), (14, 8), (16, 8), (19, 8), (21, 8), (22, 8), (24, 8), (31, 8), (32, 8), (75, 8), (76, 8), (91, 8), (92, 8), (97, 8),
(33, 8), (35, 8), (36, 8), (37, 8), (41, 8), (52, 8), (54, 8), (57, 8), (66, 8), (70, 8), (71, 8), (73, 8);

INSERT INTO likes(user_id,photo_id) VALUES
(2, 10), (4, 10), (5, 10), (9, 10), (10, 10), (14, 10), (17, 10), (19, 10), (20, 10), (21, 10), (24, 10), (26, 10), (27, 10), (28, 10), (35, 10), (36, 10), (38, 10), (41, 10), (42, 10), (44, 10), (54, 10), (57, 10), (66, 10), (70, 10), (71, 10),
(75, 10), (76, 10), (79, 10), (91, 10), (95, 10), (2, 11), (5, 11), (6, 11), (10, 11), (14, 11), (17, 11), (20, 11), (21, 11), (24, 11), (28, 11), (33, 11), (35, 11), (36, 11), (41, 11), (42, 11), (44, 11), (46, 11), (50, 11), (54, 11), (57, 11), (61, 11), (66, 11), (67, 11), (70, 11), (71, 11), (75, 11), (76, 11), (78, 11), (79, 11),
(91, 11), (93, 11), (96, 11), (97, 11), (2, 12), (5, 12), (12, 12), (13, 12), (14, 12), (20, 12), (21, 12), (24, 12), (32, 12), (36, 12), (41, 12), (43, 12), (44, 12), (47, 12), (48, 12), (50, 12), (54, 12), (56, 12), (57, 12), (60, 12), (66, 12), (67, 12), (71, 12), (72, 12), (75, 12), (76, 12), (82, 12), (91, 12), (94, 12), (2, 13), 
(5, 13), (6, 13), (11, 13), (13, 13), (14, 13), (16, 13), (18, 13), (19, 13), (20, 13), (21, 13), (24, 13), (27, 13), (28, 13), (32, 13), (33, 13), (36, 13), (38, 13), (40, 13), (41, 13), (42, 13), (44, 13), (48, 13), (52, 13), (54, 13), (57, 13), (60, 13), (65, 13), (66, 13), (69, 13), (71, 13), (75, 13), (76, 13), (79, 13), (87, 13),
(91, 13), (92, 13), (95, 13), (98, 13), (99, 13), (5, 14), (11, 14), (13, 14), (14, 14), (16, 14), (17, 14), (19, 14), (21, 14), (24, 14), (28, 14), (31, 14), (32, 14), (33, 14), (35, 14), (36, 14), (37, 14), (38, 14), (41, 14), (42, 14), (48, 14), (54, 14), (57, 14), (61, 14), (62, 14), (66, 14), (69, 14), (71, 14), (75, 14), (76, 14),
(79, 14), (84, 14), (91, 14), (92, 14), (94, 14), (98, 14), (2, 15), (5, 15), (10, 15), (14, 15), (15, 15), (16, 15), (19, 15), (20, 15), (21, 15), (24, 15), (26, 15), (27, 15), (28, 15), (32, 15), (36, 15), (41, 15), (42, 15), (47, 15), (50, 15), (54, 15), (56, 15), (57, 15), (66, 15), (70, 15), (71, 15), (72, 15), (75, 15), (76, 15), (79, 15), 
(91, 15), (93, 15), (98, 15), (99, 15), (100, 15), (5, 16), (8, 16), (10, 16), (14, 16), (17, 16), (20, 16), (21, 16), (22, 16), (24, 16), (30, 16), (36, 16), (37, 16), (39, 16), (40, 16), (41, 16), (42, 16), (43, 16), (44, 16), (47, 16), (52, 16), (54, 16), (56, 16), (57, 16), (60, 16), (61, 16), (66, 16), (69, 16), (71, 16), (72, 16), (73, 16),
(75, 16), (76, 16), (91, 16), (93, 16), (95, 16), (96, 16), (100, 16), (4, 17), (5, 17), (11, 17), (14, 17), (16, 17), (21, 17), (24, 17), (27, 17), (28, 17), (30, 17), (36, 17), (37, 17), (41, 17), (44, 17), (48, 17), (52, 17), (54, 17), 
(55, 17), (57, 17), (60, 17), (61, 17), (63, 17), (65, 17), (66, 17), (71, 17), (75, 17), (76, 17), (78, 17), (79, 17), (82, 17), (91, 17), (93, 17), (94, 17), (97, 17), (98, 17), (99, 17), (5, 18), (10, 18), (12, 18), (14, 18), (18, 18), (21, 18), (22, 18), (24, 18), (31, 18), (36, 18), (41, 18), (46, 18), (47, 18), (48, 18), (54, 18), (57, 18), (61, 18), (62, 18), (66, 18), (71, 18), (73, 18), (75, 18), (76, 18), (82, 18), (84, 18), (85, 18), (87, 18), 
(91, 18), (95, 18), (96, 18), (98, 18), (4, 19), (5, 19), (6, 19), (10, 19), (13, 19), (14, 19), (20, 19), (21, 19), (24, 19), (28, 19), (31, 19), (36, 19), (38, 19), (40, 19), (41, 19), (42, 19), (50, 19), (52, 19), (54, 19), (55, 19), (57, 19), (60, 19), (61, 19), (62, 19), (66, 19), (69, 19), (71, 19), (72, 19), (75, 19), (76, 19), (85, 19), 
(91, 19), (92, 19), (94, 19), (95, 19), (4, 20), (5, 20), (9, 20), (12, 20), (14, 20), (16, 20), (17, 20), (20, 20), (21, 20), (24, 20), (28, 20), (31, 20), (36, 20), (41, 20), (44, 20), (48, 20), (54, 20), (57, 20), (63, 20), (65, 20), (66, 20), (67, 20), (69, 20), (70, 20), (71, 20), (75, 20), (76, 20), (82, 20), (85, 20), (87, 20), (91, 20),(31, 35);



INSERT INTO tags(id,tag_name) VALUES (1,'sunset'), (2,'photography'), (3,'sunrise'), (4,'landscape'), (5,'food'), (6,'foodie'), (7,'delicious'), (8,'beauty'), 
(9,'stunning'), (10,'dreamy'), (11,'lol'), (12,'happy'), (13,'fun'), (14,'style'), (15,'hair'), (17,'fashion'), (18,'party'), (19,'concert'), (20,'drunk'), (21,'beach'), (22,'smile');


CREATE TABLE photo_tags (
    photo_id INTEGER NOT NULL,
    tag_id INTEGER NOT NULL,
    FOREIGN KEY(photo_id) REFERENCES photos_table(id),
    FOREIGN KEY(tag_id) REFERENCES tags(id),
    PRIMARY KEY(photo_id, tag_id)
);


INSERT INTO photo_tags(photo_id, tag_id) VALUES (1, 18), (1, 17), (1, 21), (1, 13), (1, 19),(2, 4), (2, 3), (2, 20), (2, 2), (3, 8), (4, 12), (4, 11), (4, 21), (4, 13),
(5, 15), (5, 14), (5, 17), (6, 19), (6, 13), (6, 17), (6, 21), (7, 11),(7, 12), (7, 21), (7, 13), (8, 17), (8, 21), (8, 13), (8, 19),(10, 2), (11, 12), (11, 21), (11, 11), (12, 4), (13, 13), (13, 19), (14, 1), (14, 20), (17, 19), (17, 13), (17, 18), (19, 5), (21, 20), (21, 3), (21, 1), (21, 4), (22, 7), (22, 5), (22, 6), (23, 18),

(23, 19), (23, 13), (23, 21), (24, 12), (24, 13), (24, 21), (25, 8), (25, 21), (25, 10), (26, 20), (26, 21), (26, 8), (26, 9), (26, 10), (28, 9), (28, 10), (29, 8), (29, 21), (29, 9), (29, 20), (30, 7), (30, 6),(30, 5), (31, 7), (31, 5), (32, 10), (32, 9), (32, 21), (32, 8), (32, 20), (34, 11), (34, 13), (34, 12), (35, 6), (35, 7), (35, 5), (36, 5), (36, 7), (36, 6), (37, 18), (37, 21), (37, 13), (38, 3), (38, 2), (43, 11), (43, 21),
(43, 12), (43,20), (42, 10), (43, 3),(59, 21),(60, 6), (60, 15), (60, 17),
(61, 20), (61, 10), (62, 2), (63, 6), (64, 12), (64, 13),
(64, 21), (64, 11), (65, 7), (65, 5), (66, 15), (66, 17), (68, 11), (68, 21), (70, 21), (70, 12), (70, 11), (71, 14), (71, 15), 
(71, 6), (72, 20), (72, 8), (72, 21), (73, 13), (73, 21), (74, 6), (74, 15), (75, 1), (75, 20), (75, 4), (76, 11), (76, 12), (78, 6), (78, 17), (78, 15), (79, 6), (79, 5), (79, 7), (83, 1), (83, 3), (84, 17), (84, 18), (84, 13), (85, 20), (85, 1), 
(85, 3), (86, 13), (87, 12), (87, 13), (87, 21), (88, 18), (88, 17), (90, 14), (90, 17), (91, 3), (91, 4), (91, 1), (92, 19), (93, 17), (93, 21), (93, 13), (93, 18), (94, 19), (94, 18), (94, 13), (94, 17), (94, 21), (95, 18), (95, 19), (95, 17),
(95, 21), (95, 13), (96, 15), (96, 17), (97, 7), (97, 5), (97, 6), (98,6), (98, 15), (98, 14), (98, 17), (100, 20), (101, 14), (101,6), (102, 14), (102, 1), (102, 15), (103, 5), (107, 11), (107, 12), (107, 21), (108, 11), (109, 9), (109, 8),
(46, 1), (47, 20), (49, 21), (49, 18), (50, 5), (51, 21), (51, 8), (51, 20), (53, 8), (54, 12), (56, 11), (57, 13), (57, 18), (57, 21), (57, 19), (57, 17), (58, 8), (59, 20), (59, 9), (59, 10);
INSERT INTO photo_tags(photo_id, tag_id) VALUES
(109, 10), (110, 2), (111, 17), (111, 15), (111, 14), (111, 6), (112, 21), (112, 9), (112, 20), (116, 7), (117, 21), (118, 20), (118, 4), (118, 1), (120, 21), (120, 19), (120, 17), (121, 21), (121, 13), (121, 11), (121, 12), (122, 15), (123, 17),

(123, 14), (123, 15), (124, 15), (124, 6), (124, 17), (125, 11), (125, 12), (126, 2), (126, 3), (126, 4), (127, 21), (131, 5), (132, 19), (132, 17), (132, 13), (132, 18), (132, 21), (133, 15), (133, 17), (133, 6), (133, 14), (134, 21), (134, 11),
(134, 12), (134, 13), (135, 17), (136, 8), (136, 9), (136, 21), (136, 20), (136, 10), (137, 11), (137, 13), (137, 21), (137, 12), (138, 9), (138, 20), (138, 10), (139, 5), (140, 11), (140, 12), (141, 17), (142, 21), (142, 20), (145, 18), (145, 13);



--make the order of the users based on the date of they created 
select * from User_table
order by created_at   ;


-- What day of the week do most users register on?
SELECT
	DAYNAME(created_at) AS day_of_week,
	COUNT(id) AS num_users
FROM User_table
GROUP BY day_of_week
ORDER BY num_users DESC;


-- Target inactive users (no photos) with email campaign
SELECT
	username
FROM User_table
LEFT JOIN photos_table
	ON User_table.id = photos_table.user_id
GROUP BY username
HAVING COUNT(photos_table.id) = 0;

SELECT
	username
FROM User_table
LEFT JOIN photos_table
ON User_table.id = photos_table.user_id
WHERE photos_table.id IS NULL;


-- How many times does the average user posts on the instagram 
SELECT
(
	(SELECT COUNT(*) FROM photos_table)/
	(SELECT COUNT(*) FROM User_table)
) AS avg_posts;


-- how many times does a hash tag is used in the instagram
SELECT
	tag_name,
	COUNT(*) AS total
FROM tags
JOIN photo_tags
	ON tags.id = photo_tags.tag_id
GROUP BY tag_name
ORDER BY total DESC;

----------does a url repeats how many times 
SELECT
	image_url,
	COUNT(*) AS total
FROM photos_table
JOIN photo_tags
	ON photos_table.id = photo_tags.tag_id
GROUP BY image_url
ORDER BY total DESC;

----how many likes does a user have in instagram
SELECT
	username,
	COUNT(*) AS total
FROM User_table
JOIN likes
	ON user_table.id
	=likes.user_id
GROUP By username
ORDER BY total DESC;



-- Find bots: users who have liked every photo
SELECT 
	username
FROM User_table
JOIN likes
	ON user_table.id  = likes.user_id
GROUP BY username

